{
  "project_info": {
    "project_number": "30941397445",
    "firebase_url": "https://internshipproject-4246b.firebaseio.com",
    "project_id": "internshipproject-4246b",
    "storage_bucket": "internshipproject-4246b.appspot.com"
  },
  "client": [
    {
      "client_info": {
        "mobilesdk_app_id": "1:30941397445:android:13bcaa2263ae51f31dcbac",
        "android_client_info": {
          "package_name": "com.example.project_app"
        }
      },
      "oauth_client": [
        {
          "client_id": "30941397445-jcgreg0p2nfiviq4l06klhuu62ecdu8t.apps.googleusercontent.com",
          "client_type": 3
        }
      ],
      "api_key": [
        {
          "current_key": "AIzaSyADb1faUIGo-CQtl5_7pol5-t5xgxLa7io"
        }
      ],
      "services": {
        "appinvite_service": {
          "other_platform_oauth_client": [
            {
              "client_id": "30941397445-jcgreg0p2nfiviq4l06klhuu62ecdu8t.apps.googleusercontent.com",
              "client_type": 3
            }
          ]
        }
      }
    },
    {
      "client_info": {
        "mobilesdk_app_id": "1:30941397445:android:85265f7f0fcc1e771dcbac",
        "android_client_info": {
          "package_name": "com.test.InternshipProject"
        }
      },
      "oauth_client": [
        {
          "client_id": "30941397445-jcgreg0p2nfiviq4l06klhuu62ecdu8t.apps.googleusercontent.com",
          "client_type": 3
        }
      ],
      "api_key": [
        {
          "current_key": "AIzaSyADb1faUIGo-CQtl5_7pol5-t5xgxLa7io"
        }
      ],
      "services": {
        "appinvite_service": {
          "other_platform_oauth_client": [
            {
              "client_id": "30941397445-jcgreg0p2nfiviq4l06klhuu62ecdu8t.apps.googleusercontent.com",
              "client_type": 3
            }
          ]
        }
      }
    }
  ],
  "configuration_version": "1"
}